Date,Sales
2020-01-01,927
2020-02-01,957
2020-03-01,1027
2020-04-01,1104
2020-05-01,1085
2020-06-01,1122
2020-07-01,1182
2020-08-01,1146
2020-09-01,1089
2020-10-01,1187
2020-11-01,1253
2020-12-01,1345
2021-01-01,1062
2021-02-01,1039
2021-03-01,1087
2021-04-01,1175
2021-05-01,1201
2021-06-01,1285
2021-07-01,1239
2021-08-01,1213
2021-09-01,1301
2021-10-01,1304
2021-11-01,1416
2021-12-01,1455
2022-01-01,1178
2022-02-01,1253
2022-03-01,1251
2022-04-01,1351
2022-05-01,1359
2022-06-01,1407
2022-07-01,1393
2022-08-01,1471
2022-09-01,1393
2022-10-01,1418
2022-11-01,1586
2022-12-01,1606
2023-01-01,1348
2023-02-01,1324
2023-03-01,1388
2023-04-01,1489
2023-05-01,1550
2023-06-01,1567
2023-07-01,1554
2023-08-01,1539
2023-09-01,1485
2023-10-01,1574
2023-11-01,1685
2023-12-01,1830
2024-01-01,1497
2024-02-01,1475
2024-03-01,1590
2024-04-01,1612
2024-05-01,1644
2024-06-01,1726
2024-07-01,1738
2024-08-01,1726
2024-09-01,1651
2024-10-01,1732
2024-11-01,1856
2024-12-01,1970
2025-01-01,1612
2025-02-01,1674
2025-03-01,1684
2025-04-01,1727
2025-05-01,1840
2025-06-01,1896
2025-07-01,1843
2025-08-01,1872
2025-09-01,1837
2025-10-01,1863
2025-11-01,2001
2025-12-01,2134
