Study_Hours,Attendance,Previous_Marks,Assignments_Completed,Sleep_Hours,Practice_Tests,Result
7.9,93,80,3,4.2,9,Fail
4.7,43,72,9,7.4,4,Fail
8.7,64,91,0,8.8,10,Pass
7.1,67,93,4,8.1,6,Pass
1.4,88,75,8,5.4,4,Fail
9.8,47,51,10,4.3,0,Fail
7.7,66,67,2,8.7,6,Fail
8.0,49,55,7,8.7,7,Fail
1.7,88,69,2,6.7,10,Fail
4.8,78,82,1,7.2,7,Fail
4.0,70,51,3,6.3,0,Fail
9.3,63,60,9,6.1,6,Pass
6.6,49,28,7,4.6,8,Fail
8.3,96,77,5,4.5,5,Pass
4.7,79,59,3,5.2,4,Fail
2.7,59,57,1,8.2,8,Fail
5.8,65,62,2,4.7,6,Fail
1.1,84,40,1,5.1,7,Fail
8.4,83,67,2,6.7,5,Pass
6.5,68,77,7,5.1,3,Fail
7.7,58,49,1,4.8,5,Fail
3.9,80,34,0,6.8,10,Fail
9.7,80,52,5,5.8,6,Fail
9.0,76,39,3,7.1,7,Fail
7.9,44,51,5,8.6,1,Fail
2.3,68,69,1,4.8,10,Fail
4.9,77,33,2,8.6,2,Fail
0.9,97,78,4,8.5,10,Fail
2.0,72,40,7,8.1,4,Fail
7.0,60,88,4,7.2,10,Pass
7.6,73,77,5,7.1,9,Pass
9.7,50,44,5,7.2,8,Pass
3.6,45,64,2,7.5,10,Fail
4.0,81,32,3,4.1,6,Fail
5.0,100,32,4,8.8,9,Fail
2.3,91,92,0,6.9,1,Fail
1.7,75,81,7,7.9,0,Fail
5.0,42,35,6,5.9,5,Fail
2.7,100,45,3,4.1,8,Fail
6.9,67,39,4,6.5,8,Fail
4.7,57,53,3,6.5,5,Fail
8.4,94,45,7,6.2,5,Fail
7.2,85,48,8,5.7,6,Fail
3.5,85,62,1,5.2,9,Pass
8.4,56,38,4,6.6,9,Fail
8.1,100,87,0,5.9,1,Fail
4.2,67,76,4,8.8,6,Fail
3.2,72,78,2,4.9,4,Fail
7.0,85,37,3,5.6,8,Fail
1.8,80,75,5,5.5,5,Fail
2.4,50,84,3,6.7,10,Fail
0.6,58,37,4,6.5,4,Fail
8.0,62,78,8,7.2,7,Pass
6.8,97,50,8,8.8,1,Pass
7.2,83,80,0,5.4,10,Pass
7.9,62,58,4,7.5,1,Fail
4.9,84,81,9,4.1,4,Fail
5.9,85,35,5,5.3,9,Fail
1.8,64,52,2,6.3,10,Fail
1.6,64,44,6,4.2,5,Fail
6.8,94,42,1,7.1,5,Fail
5.0,74,46,0,7.4,0,Fail
5.9,49,52,6,7.7,10,Fail
7.8,83,34,5,6.6,0,Fail
6.5,75,75,8,7.0,0,Fail
5.8,71,64,3,6.0,5,Fail
5.8,84,83,9,4.2,0,Fail
3.4,95,75,4,4.5,1,Fail
0.8,60,35,8,7.3,6,Fail
4.6,65,29,1,9.0,7,Fail
2.5,51,55,1,4.1,3,Fail
4.4,79,59,8,6.8,8,Fail
8.6,64,42,9,7.8,6,Fail
2.7,60,80,10,8.1,2,Fail
1.1,82,66,3,6.7,7,Fail
3.2,64,78,0,7.1,6,Fail
3.3,68,32,10,7.5,8,Fail
6.8,66,82,6,8.3,1,Fail
5.8,55,39,2,4.6,2,Fail
7.9,47,56,8,8.6,3,Fail
6.8,90,56,9,4.1,3,Pass
4.4,45,83,3,8.2,9,Fail
8.2,59,44,8,4.4,8,Fail
2.1,80,42,8,5.0,5,Fail
0.7,48,49,5,4.0,5,Fail
1.4,79,50,6,6.2,9,Fail
7.4,84,37,2,5.7,4,Fail
4.9,80,37,10,4.8,2,Fail
2.0,58,41,10,6.3,1,Fail
5.3,41,58,10,6.0,3,Fail
1.9,94,49,8,7.8,7,Fail
7.1,59,52,0,8.5,5,Fail
4.7,89,76,4,7.3,4,Fail
4.1,52,42,4,4.6,5,Fail
3.4,49,89,10,5.5,10,Fail
6.5,87,78,6,8.6,10,Pass
3.9,97,37,5,4.4,1,Fail
1.3,92,47,1,6.0,1,Fail
1.6,85,38,8,8.7,2,Fail
9.6,55,44,3,8.8,9,Fail
9.1,95,50,1,6.1,5,Fail
7.1,80,34,10,7.3,9,Pass
3.0,50,26,2,6.3,7,Fail
9.7,47,56,0,7.8,6,Fail
7.9,93,74,0,4.2,3,Fail
7.3,56,46,4,4.7,3,Fail
4.8,86,86,1,7.1,1,Fail
3.1,48,51,9,5.2,5,Fail
1.4,57,88,5,7.3,3,Fail
9.1,57,41,3,5.8,3,Fail
4.8,57,63,0,8.4,0,Fail
2.4,81,79,5,8.1,8,Fail
3.4,95,29,1,6.5,10,Fail
6.0,95,91,10,7.9,5,Pass
2.2,85,50,3,5.4,5,Fail
8.6,52,60,5,6.5,10,Fail
7.7,98,69,0,5.0,5,Fail
7.3,73,70,1,8.3,6,Fail
4.6,73,26,2,8.1,4,Fail
6.5,82,86,0,8.5,5,Pass
6.0,86,69,7,8.4,5,Fail
6.7,98,95,10,8.8,7,Pass
1.3,75,58,10,5.1,6,Fail
4.5,77,68,2,8.7,5,Fail
0.9,85,56,8,6.9,0,Fail
5.2,55,88,5,6.1,9,Fail
3.6,58,84,0,6.8,9,Fail
1.9,78,89,0,5.7,2,Fail
1.5,43,60,6,5.4,3,Fail
6.1,59,81,4,5.2,10,Fail
2.1,83,50,0,4.4,3,Fail
9.3,99,57,10,6.5,8,Pass
6.0,71,78,8,8.4,8,Pass
3.8,64,30,5,7.2,9,Fail
6.1,66,75,10,6.6,0,Fail
0.7,81,26,10,6.1,5,Fail
9.6,73,66,10,6.3,6,Pass
5.1,41,58,2,5.0,9,Fail
7.9,72,58,9,8.1,2,Fail
1.3,64,60,5,5.0,3,Fail
5.1,82,59,7,7.6,1,Fail
5.2,93,53,9,7.8,8,Fail
9.4,98,57,1,6.9,10,Pass
5.9,77,65,4,8.3,1,Fail
5.0,62,79,1,5.5,2,Fail
3.0,67,64,3,8.4,3,Fail
3.6,50,70,4,7.6,9,Fail
5.4,97,84,9,8.0,4,Pass
4.7,91,95,9,7.3,3,Pass
0.7,92,32,4,8.2,3,Fail
8.3,60,75,3,9.0,6,Pass
9.0,59,40,5,6.1,4,Fail
1.8,92,38,10,8.1,1,Fail
5.8,73,81,10,7.7,9,Pass
1.5,82,29,2,6.3,4,Fail
6.9,69,85,2,8.6,2,Fail
3.2,67,79,7,6.0,8,Fail
6.8,78,95,3,6.8,8,Pass
7.4,89,72,2,4.5,1,Fail
7.8,60,86,0,5.1,0,Fail
1.5,89,33,4,8.2,0,Fail
9.2,54,88,4,6.0,8,Fail
2.7,64,36,6,6.0,6,Fail
0.9,95,47,2,5.2,8,Fail
5.8,98,34,7,6.5,6,Fail
4.0,96,53,7,8.0,4,Fail
8.4,59,78,5,8.5,6,Fail
8.2,91,44,1,4.4,7,Fail
3.5,97,83,5,6.9,4,Fail
9.6,99,68,7,6.3,10,Pass
3.3,41,69,4,7.1,9,Fail
5.4,85,91,2,6.2,8,Fail
2.9,100,55,5,6.0,10,Fail
9.4,86,49,3,6.4,4,Pass
2.1,54,95,4,6.9,1,Fail
0.9,86,64,3,6.5,5,Fail
4.6,46,68,3,6.4,8,Fail
9.9,69,46,7,8.1,8,Fail
9.0,78,40,5,7.7,4,Fail
7.6,67,37,5,5.7,3,Fail
9.0,82,40,7,8.0,4,Fail
9.0,54,38,3,8.3,8,Fail
5.4,76,78,1,4.8,0,Fail
3.5,79,29,9,6.9,3,Fail
7.8,78,69,0,5.4,2,Fail
6.8,57,92,6,7.7,8,Fail
4.0,58,79,2,5.2,5,Fail
1.4,55,53,2,7.4,0,Fail
7.6,68,29,0,5.3,2,Fail
3.0,75,84,9,6.6,0,Fail
9.4,62,25,4,8.7,5,Fail
2.8,65,73,3,5.9,10,Fail
1.7,57,72,8,8.4,6,Fail
8.4,53,38,0,8.9,9,Fail
2.0,80,77,6,8.4,8,Fail
2.2,89,37,5,4.8,9,Fail
6.2,57,41,6,8.1,3,Fail
8.8,92,82,1,4.2,10,Pass
2.4,74,94,10,6.0,2,Fail
3.4,50,43,2,8.4,4,Fail
7.9,62,90,7,7.4,7,Pass
9.7,40,89,8,6.7,3,Pass
5.3,42,79,3,5.9,2,Fail
1.9,60,34,1,8.1,1,Fail
0.6,67,46,3,7.5,0,Fail
2.7,88,73,8,6.3,5,Fail
1.8,48,95,9,8.5,10,Fail
6.9,91,82,10,5.1,2,Pass
1.7,54,54,2,4.9,4,Fail
5.3,48,41,6,7.2,10,Fail
7.1,82,93,1,8.9,8,Fail
6.0,87,44,7,5.2,0,Fail
2.4,76,49,4,5.2,5,Fail
8.1,47,93,7,4.7,1,Pass
7.3,47,64,7,8.3,2,Fail
7.5,63,43,10,5.1,2,Fail
1.7,67,25,5,6.5,6,Fail
1.7,100,55,3,9.0,2,Fail
9.3,57,95,5,4.1,2,Pass
4.3,51,55,1,6.8,2,Fail
3.4,97,74,1,6.6,3,Fail
5.1,49,42,5,8.0,7,Fail
6.8,41,80,9,5.8,4,Fail
9.6,65,80,5,6.1,3,Fail
3.2,64,68,8,4.8,5,Fail
9.3,77,79,1,7.7,6,Pass
0.7,93,66,4,7.9,0,Fail
5.8,96,51,6,4.7,9,Fail
6.5,57,77,3,6.0,10,Pass
1.5,99,84,0,8.5,6,Fail
1.8,78,84,0,4.0,6,Fail
4.5,44,40,10,5.5,7,Fail
9.7,97,73,6,6.8,4,Pass
6.2,48,25,2,5.7,4,Fail
9.4,75,65,2,5.4,3,Fail
8.1,88,65,0,6.3,1,Fail
4.9,55,50,10,4.9,9,Fail
8.0,56,95,1,6.6,3,Fail
0.7,69,87,8,7.5,3,Fail
1.5,93,27,2,6.9,10,Fail
8.4,53,39,3,4.5,5,Fail
8.1,80,39,3,8.2,6,Fail
2.7,67,88,9,4.9,2,Fail
5.5,46,61,0,7.8,3,Fail
6.3,83,76,3,5.8,8,Pass
8.7,90,82,3,7.9,4,Fail
6.2,75,79,3,5.0,1,Fail
4.4,50,31,2,4.9,9,Fail
4.1,49,34,10,6.5,4,Fail
4.5,65,53,4,4.2,7,Fail
6.7,70,49,4,5.1,3,Fail
8.7,73,78,4,7.6,6,Pass
4.8,54,36,10,8.2,8,Fail
2.9,70,51,3,4.4,9,Fail
2.7,57,41,3,8.4,2,Fail
7.6,81,38,3,8.0,7,Fail
8.3,88,37,3,8.3,10,Fail
1.5,79,38,0,7.5,7,Fail
1.1,40,65,6,7.4,1,Fail
6.1,100,54,0,6.6,2,Fail
1.9,41,55,2,7.3,2,Fail
8.3,100,59,2,8.6,1,Fail
3.4,41,77,3,4.5,8,Fail
1.9,71,86,8,5.6,10,Fail
9.2,46,62,6,4.4,5,Fail
2.1,45,70,10,8.7,6,Fail
3.2,81,77,3,6.2,8,Fail
2.0,84,74,10,7.4,4,Fail
1.6,47,34,0,8.2,5,Fail
0.7,99,94,5,9.0,6,Fail
1.0,59,36,8,4.8,3,Fail
2.2,59,54,5,8.0,0,Fail
1.0,58,71,10,8.4,6,Fail
6.1,68,53,3,4.2,9,Fail
7.0,50,42,0,7.8,0,Fail
4.2,65,90,8,5.8,2,Pass
3.5,52,30,0,7.2,2,Fail
5.3,43,42,8,6.6,8,Fail
8.8,62,95,8,5.3,5,Pass
8.6,81,76,9,4.7,5,Pass
0.9,86,31,5,4.6,7,Fail
2.2,61,78,9,4.5,3,Fail
2.7,59,93,1,7.2,7,Fail
2.9,88,31,4,5.8,0,Fail
5.9,81,54,1,5.1,1,Fail
4.5,90,58,8,7.5,8,Fail
1.0,95,34,7,7.4,7,Fail
4.0,90,39,8,6.7,1,Fail
5.5,97,37,8,8.7,4,Fail
1.5,65,38,3,5.9,0,Fail
8.4,64,53,0,8.2,7,Fail
1.0,59,57,10,4.4,8,Fail
9.3,54,41,5,7.7,3,Fail
1.4,85,45,1,8.9,3,Fail
8.5,83,38,10,8.2,2,Fail
9.1,88,81,10,6.9,4,Pass
9.8,50,40,4,7.1,2,Fail
8.1,69,89,8,5.8,2,Pass
7.9,53,63,0,7.4,4,Fail
6.6,94,81,1,7.9,9,Pass
7.9,56,70,3,9.0,8,Pass
1.8,48,43,7,6.5,3,Fail
5.6,74,67,1,4.3,10,Fail
5.4,93,44,0,7.0,2,Fail
8.6,95,33,7,4.6,10,Pass
4.9,45,43,8,5.2,3,Fail
4.2,59,44,8,5.6,5,Fail
6.6,49,34,8,7.7,2,Fail
3.0,58,26,8,4.9,8,Fail
1.8,72,92,6,4.8,3,Fail
5.0,57,61,5,4.2,9,Fail
4.5,44,53,9,8.4,0,Fail
2.7,71,91,3,7.5,5,Fail
4.0,43,40,1,4.2,1,Fail
4.0,53,53,8,4.1,9,Pass
3.6,40,85,3,6.8,4,Fail
4.1,45,69,10,5.4,7,Fail
7.0,66,53,4,7.0,9,Fail
3.3,91,43,9,6.2,5,Fail
9.5,87,27,0,8.6,0,Fail
9.2,46,31,7,5.4,2,Fail
5.1,42,36,4,7.4,2,Fail
3.6,60,80,5,4.3,10,Fail
5.6,79,70,2,8.8,9,Fail
8.6,85,55,10,8.9,5,Fail
6.7,90,80,4,7.7,9,Pass
8.1,60,36,9,6.3,2,Fail
5.6,50,39,4,5.1,7,Fail
6.5,41,52,0,8.1,4,Fail
3.2,48,90,9,7.7,2,Fail
7.5,43,68,2,5.1,2,Fail
2.4,92,85,2,6.3,4,Fail
7.1,56,42,9,6.3,3,Fail
8.7,90,85,9,8.1,2,Pass
1.8,73,30,10,7.4,3,Fail
6.3,72,41,4,7.2,1,Fail
1.4,67,62,8,7.2,10,Fail
7.4,89,28,3,5.4,4,Fail
1.3,42,85,8,5.9,1,Fail
9.4,45,86,5,4.2,6,Pass
1.8,65,63,0,7.9,9,Fail
9.6,64,46,4,6.2,3,Fail
8.1,73,32,5,6.2,9,Fail
6.1,85,68,2,5.2,6,Fail
7.9,75,63,4,5.0,8,Fail
8.1,55,78,5,6.9,3,Fail
9.5,59,67,0,5.2,0,Fail
2.9,85,34,1,4.3,3,Fail
6.1,52,33,8,7.8,10,Fail
1.4,70,80,3,5.9,8,Fail
6.4,72,36,6,5.9,8,Fail
2.1,85,91,6,6.2,9,Fail
5.9,83,32,6,8.1,4,Fail
5.9,68,76,4,5.6,3,Fail
4.9,58,94,5,7.8,10,Fail
5.5,62,56,9,8.7,6,Fail
7.8,65,29,10,7.3,3,Fail
8.1,53,87,2,6.2,3,Fail
5.2,78,38,7,7.7,9,Fail
6.2,52,62,10,6.3,0,Fail
9.3,79,94,0,6.1,0,Pass
1.6,85,77,8,6.6,8,Fail
1.6,98,28,5,5.6,0,Fail
1.3,47,83,10,4.5,1,Fail
6.7,86,36,6,6.1,10,Fail
4.5,45,78,9,4.6,4,Fail
7.9,60,69,1,6.1,8,Fail
6.9,50,45,1,6.8,5,Fail
3.7,49,55,10,8.7,0,Fail
9.0,50,33,5,4.2,2,Fail
7.7,42,95,6,7.1,8,Fail
3.1,90,41,1,6.3,1,Fail
4.0,43,46,2,4.1,6,Fail
3.5,64,60,9,5.2,3,Fail
2.0,82,72,3,4.6,4,Fail
1.9,100,60,6,5.1,10,Fail
9.4,92,60,3,5.4,6,Fail
4.7,48,66,2,6.0,6,Fail
4.1,100,85,1,6.6,3,Fail
7.4,79,53,10,4.0,4,Fail
5.8,50,84,10,4.8,7,Fail
9.4,67,80,1,4.5,0,Fail
7.9,95,93,3,6.7,2,Pass
5.1,63,89,6,5.6,6,Fail
4.1,51,81,4,6.7,6,Fail
9.9,93,42,7,5.1,1,Pass
7.3,98,79,2,4.1,8,Pass
9.5,99,77,0,8.7,5,Pass
1.6,98,45,3,4.5,2,Fail
8.6,93,73,6,4.6,8,Pass
6.6,67,42,1,4.7,10,Fail
1.7,51,62,8,8.9,4,Fail
6.1,77,81,0,7.1,3,Fail
7.0,53,38,0,7.1,3,Fail
0.6,68,48,5,8.9,6,Fail
4.8,80,81,5,4.4,0,Fail
8.3,97,57,3,8.9,5,Fail
3.3,57,93,2,5.0,0,Fail
4.9,55,25,0,7.1,0,Fail
4.7,84,76,7,6.1,4,Pass
3.4,40,82,4,5.9,8,Fail
9.2,74,90,1,8.7,9,Fail
7.9,85,36,4,4.7,0,Fail
1.6,73,94,10,9.0,2,Fail
10.0,63,52,2,5.9,4,Fail
8.9,90,49,9,7.2,6,Pass
3.2,62,50,2,8.8,10,Fail
8.5,83,70,2,4.3,7,Fail
1.5,68,71,2,8.6,5,Fail
10.0,41,58,3,6.8,0,Fail
6.8,72,30,1,7.5,0,Fail
6.7,43,95,6,4.7,1,Pass
1.4,96,40,3,6.7,7,Fail
9.0,76,31,7,7.4,3,Fail
0.8,62,67,5,6.3,2,Fail
2.8,69,54,4,4.8,7,Fail
1.9,77,68,5,5.2,8,Fail
7.9,55,87,1,8.3,4,Fail
2.4,57,31,7,4.2,9,Fail
9.2,65,45,1,7.5,8,Fail
6.7,55,61,7,9.0,7,Fail
0.8,86,80,10,4.0,9,Fail
0.6,46,67,8,4.8,2,Fail
1.0,90,52,5,7.4,8,Fail
6.3,61,68,3,4.3,10,Pass
8.1,74,94,9,6.9,10,Pass
2.8,49,59,2,7.4,6,Fail
8.6,63,87,5,6.9,8,Fail
1.0,86,80,8,5.8,9,Fail
8.1,56,46,10,7.5,9,Fail
9.3,48,42,10,7.0,9,Fail
7.8,71,79,0,5.0,9,Fail
7.1,49,39,9,6.8,4,Fail
8.5,59,48,1,8.4,8,Fail
0.9,67,41,6,7.3,4,Fail
2.4,74,68,10,6.4,8,Fail
1.7,79,45,7,5.6,8,Fail
5.3,81,71,10,4.4,10,Pass
7.6,91,91,3,5.2,6,Fail
6.5,44,83,3,4.1,5,Fail
8.6,62,92,3,8.9,1,Pass
2.0,40,26,3,5.1,7,Fail
7.5,40,57,7,8.1,6,Fail
2.3,52,40,4,4.8,5,Fail
3.1,76,90,8,5.4,7,Fail
7.2,94,75,4,6.1,9,Fail
9.8,87,47,3,5.6,1,Fail
6.3,79,65,2,8.0,4,Fail
1.0,87,67,6,8.8,7,Fail
6.4,50,60,9,8.4,9,Fail
0.9,91,58,9,4.8,8,Fail
8.9,94,28,2,7.9,8,Pass
7.2,45,57,5,4.7,9,Fail
2.1,68,49,7,8.6,10,Fail
1.4,90,83,6,6.6,6,Fail
2.2,69,86,0,5.7,2,Fail
9.8,91,78,6,4.8,6,Fail
4.9,97,27,0,4.1,7,Fail
7.9,68,84,1,5.2,1,Fail
6.5,43,53,7,8.6,8,Fail
5.9,60,54,1,8.0,5,Fail
1.9,53,92,3,8.8,10,Fail
9.5,68,86,6,4.5,2,Fail
3.4,75,28,7,7.0,9,Fail
6.0,68,50,4,5.3,4,Fail
7.1,51,78,1,6.7,6,Pass
6.7,58,63,8,5.6,7,Fail
9.4,81,43,10,5.4,6,Fail
1.9,41,62,9,6.9,9,Fail
5.3,53,86,8,4.9,1,Fail
4.3,94,40,4,6.3,8,Fail
5.0,46,77,9,7.3,10,Fail
1.6,65,77,5,4.6,2,Fail
1.8,52,87,1,8.7,2,Fail
3.1,46,46,9,6.5,5,Fail
3.4,65,40,3,8.1,7,Fail
4.6,71,63,10,7.3,10,Pass
6.3,50,62,4,7.6,8,Fail
6.5,44,54,9,7.6,8,Fail
4.4,48,80,5,8.4,4,Fail
4.4,79,81,5,7.1,7,Fail
2.6,92,42,3,5.4,2,Fail
6.1,50,81,9,4.5,5,Fail
3.5,59,41,0,7.0,2,Fail
0.8,60,53,5,4.3,0,Fail
4.5,62,26,4,5.2,9,Fail
5.0,54,49,5,4.3,8,Fail
2.6,43,93,2,6.7,5,Fail
5.9,72,56,7,4.8,0,Fail
5.9,61,75,4,7.1,0,Fail
7.2,60,32,2,8.0,1,Fail
6.7,56,70,2,8.1,7,Fail
6.7,96,51,7,5.5,2,Fail
3.5,77,77,2,6.7,2,Fail
8.0,65,90,3,6.8,9,Fail
5.7,52,62,6,6.4,9,Fail
4.6,88,32,3,7.3,8,Fail
6.4,94,58,4,5.1,3,Fail
3.9,41,33,2,8.9,6,Fail
5.4,96,56,3,4.5,2,Fail
7.5,82,29,7,8.1,9,Fail
8.9,46,70,5,7.0,0,Fail
9.3,85,47,10,5.2,8,Pass
5.3,46,39,8,7.7,5,Fail
5.4,43,26,0,4.4,8,Fail
8.1,47,88,4,7.9,4,Fail
3.5,68,84,3,6.9,1,Fail
8.5,77,82,6,4.6,8,Pass
5.2,64,29,2,4.4,6,Fail
1.6,47,49,10,7.8,5,Fail
1.2,52,93,3,5.5,4,Fail
8.5,91,66,5,8.4,3,Pass
1.0,98,34,1,7.8,5,Fail
3.2,86,35,10,7.5,2,Fail
3.7,46,43,10,5.4,3,Fail
2.1,90,94,8,7.5,3,Fail
3.5,82,37,3,8.7,0,Fail
7.6,72,89,0,4.5,10,Pass
0.6,48,73,7,5.6,2,Fail
8.4,100,90,4,5.2,1,Fail
8.6,66,83,10,6.0,1,Pass
4.0,42,48,7,7.7,10,Fail
2.0,52,83,5,6.4,5,Fail
6.2,64,37,10,6.9,3,Fail
1.6,43,45,8,5.6,4,Fail
4.0,59,40,5,4.7,0,Fail
9.6,68,34,0,5.3,3,Fail
10.0,97,31,1,8.3,2,Fail
7.8,45,38,4,7.0,8,Fail
3.5,75,33,6,5.9,0,Fail
7.0,95,52,0,7.9,4,Fail
7.2,89,30,1,4.3,8,Fail
4.2,96,29,7,5.3,9,Fail
6.6,50,95,8,5.2,5,Fail
0.6,88,31,0,8.9,2,Fail
2.5,99,30,5,7.5,3,Fail
5.5,59,27,0,7.1,2,Fail
2.1,70,34,7,4.0,7,Fail
2.1,72,62,9,4.9,3,Fail
8.4,70,83,9,7.2,6,Pass
9.9,57,77,6,5.9,7,Pass
5.8,99,66,6,8.6,10,Pass
8.5,98,31,10,7.8,4,Fail
9.9,63,79,6,6.2,10,Pass
1.8,89,27,4,7.7,4,Fail
4.8,64,69,8,8.9,7,Fail
4.2,88,54,6,6.3,7,Fail
1.3,75,87,9,7.2,8,Pass
7.7,68,46,5,8.6,5,Fail
4.6,47,70,9,5.2,8,Fail
5.0,79,56,0,8.4,3,Fail
1.9,59,62,0,4.5,5,Fail
2.2,53,91,1,7.2,5,Fail
9.1,51,75,6,7.9,7,Pass
0.9,99,54,7,7.1,6,Fail
2.7,46,56,2,6.5,0,Fail
3.3,88,75,1,7.1,8,Fail
5.2,92,49,9,4.8,8,Fail
6.1,41,36,8,5.1,1,Fail
5.2,75,58,7,5.3,10,Fail
1.3,75,29,5,7.0,7,Fail
2.8,61,37,4,6.2,0,Fail
8.5,80,54,0,5.2,5,Fail
6.6,64,81,2,8.4,9,Fail
6.7,66,80,9,5.9,3,Pass
6.9,66,43,3,6.2,10,Fail
7.7,88,54,7,6.0,4,Fail
1.1,78,35,7,4.9,2,Fail
4.0,63,78,3,7.7,3,Fail
5.6,96,42,2,6.2,5,Fail
3.7,88,81,7,4.1,7,Pass
8.5,96,84,1,8.8,10,Pass
5.1,84,73,5,8.1,2,Fail
7.8,63,48,9,7.6,10,Fail
8.6,87,92,7,8.3,5,Pass
5.3,60,73,8,8.5,1,Fail
9.1,56,70,0,5.7,10,Fail
6.1,67,85,2,7.1,3,Fail
8.6,99,87,3,7.0,6,Pass
3.7,74,30,3,5.3,7,Fail
5.2,63,87,2,5.1,0,Fail
5.5,68,79,10,4.6,2,Fail
1.5,57,39,1,7.3,7,Fail
4.3,80,46,7,7.9,3,Fail
9.2,61,78,6,7.8,0,Fail
6.5,73,40,6,5.6,0,Fail
2.2,62,57,2,5.0,9,Fail
3.7,59,73,3,6.3,1,Fail
2.3,99,71,6,6.7,1,Fail
0.7,61,89,3,8.6,6,Fail
9.3,44,32,7,8.4,1,Fail
4.8,63,45,0,8.6,7,Fail
3.4,72,94,0,8.3,5,Fail
6.2,45,65,8,8.8,7,Fail
0.6,58,42,6,6.3,5,Fail
3.1,50,45,0,4.2,8,Fail
7.2,70,49,9,4.4,7,Fail
6.5,84,64,0,6.0,4,Fail
9.8,99,45,10,5.3,0,Pass
6.4,63,69,8,4.8,3,Fail
5.0,92,56,10,8.8,1,Fail
7.7,53,68,10,5.0,0,Fail
9.1,87,36,3,8.8,3,Fail
7.3,74,69,8,7.8,2,Fail
9.7,86,90,2,7.2,0,Pass
7.9,86,34,5,7.4,3,Fail
8.7,72,48,2,5.7,5,Fail
1.6,55,74,5,7.2,1,Fail
7.5,72,68,9,4.9,3,Pass
4.7,90,72,4,8.7,0,Fail
5.8,99,64,1,5.5,0,Fail
6.7,96,73,3,5.3,1,Fail
9.7,51,68,8,7.6,4,Fail
9.9,76,30,5,7.3,7,Fail
3.2,46,78,6,6.3,8,Fail
7.5,80,56,4,7.2,6,Fail
7.6,100,28,3,4.8,6,Fail
3.8,43,54,6,7.4,10,Fail
1.7,80,55,6,5.4,2,Fail
0.9,97,31,9,5.4,8,Fail
7.9,91,95,6,4.8,10,Pass
5.2,63,40,10,5.7,6,Fail
9.9,46,48,9,5.7,9,Pass
4.9,96,56,0,6.3,1,Fail
9.8,96,84,4,5.0,9,Pass
4.4,75,77,4,5.0,6,Fail
8.0,99,79,0,6.7,2,Fail
1.3,40,41,1,4.6,0,Fail
5.8,77,85,8,7.4,7,Fail
8.1,42,83,3,8.7,4,Fail
9.3,97,57,1,6.1,3,Fail
8.3,81,63,3,8.5,4,Pass
0.9,95,27,3,4.5,10,Fail
4.0,74,78,1,4.2,4,Fail
1.0,45,93,1,7.6,0,Fail
1.5,41,58,8,7.8,3,Fail
6.9,60,63,9,8.2,1,Fail
7.3,85,60,5,4.3,7,Fail
7.9,49,30,6,7.9,8,Fail
8.7,91,69,10,5.9,9,Pass
7.5,54,76,9,5.5,6,Fail
8.1,70,90,0,4.9,8,Fail
1.0,52,91,10,9.0,4,Fail
2.7,68,59,0,4.3,6,Fail
6.4,67,93,0,8.1,1,Fail
8.7,40,62,4,7.2,5,Fail
0.5,74,70,8,7.7,6,Fail
5.4,87,67,0,7.6,0,Fail
6.9,97,95,3,8.3,6,Pass
0.8,60,77,2,4.9,7,Fail
4.3,93,33,4,4.0,4,Fail
9.0,93,30,10,7.0,5,Fail
6.9,100,54,3,5.8,3,Fail
2.8,62,61,2,4.6,2,Fail
8.6,91,72,1,4.9,1,Fail
3.8,74,59,2,5.7,3,Fail
8.6,43,61,1,4.4,8,Fail
3.3,56,90,6,4.3,10,Fail
6.1,80,48,4,8.6,6,Fail
4.3,49,60,5,5.6,6,Fail
3.1,66,64,9,8.9,6,Fail
8.9,87,58,6,8.8,5,Pass
2.3,49,93,1,4.7,4,Fail
1.3,70,93,4,7.6,6,Fail
3.7,53,61,3,7.0,8,Fail
7.3,72,56,9,7.5,4,Fail
8.2,54,66,3,4.5,6,Fail
10.0,98,37,1,4.9,5,Fail
3.3,44,55,8,4.4,3,Fail
4.4,98,40,4,7.0,3,Fail
1.8,88,35,1,8.9,0,Fail
6.0,92,31,7,7.4,4,Fail
10.0,91,66,2,7.6,7,Pass
7.2,51,25,9,8.9,7,Fail
6.2,96,70,9,7.4,10,Pass
4.2,76,55,4,4.2,0,Fail
9.2,98,51,6,8.3,8,Pass
5.2,93,79,6,5.8,8,Pass
1.8,75,63,7,4.0,4,Fail
4.0,62,77,0,6.5,3,Fail
1.1,47,75,3,8.7,3,Fail
2.4,46,27,1,5.3,7,Fail
0.7,63,40,7,6.5,9,Fail
4.8,89,65,0,4.9,7,Fail
6.5,70,94,5,4.3,5,Pass
3.8,69,35,8,4.4,7,Fail
4.5,54,32,10,7.6,0,Fail
9.6,74,91,3,8.3,6,Pass
7.6,78,93,0,4.7,0,Fail
5.6,99,36,7,5.4,10,Fail
3.2,84,53,0,5.0,9,Fail
9.0,77,69,0,4.1,5,Pass
2.7,95,38,10,6.8,4,Fail
3.6,65,48,9,7.5,8,Fail
9.1,97,53,7,7.2,7,Pass
5.5,62,70,9,5.9,7,Fail
7.6,47,46,0,6.8,5,Fail
6.1,65,54,0,4.5,2,Fail
6.7,47,45,3,4.8,0,Fail
3.3,47,78,0,8.7,3,Fail
2.8,93,35,9,7.8,5,Fail
3.6,88,41,0,8.6,4,Fail
2.0,53,42,5,8.6,5,Fail
8.8,91,89,9,7.2,3,Pass
3.2,44,92,8,8.6,10,Fail
5.8,57,60,2,6.1,4,Fail
8.0,83,36,5,4.0,9,Fail
7.9,58,78,6,4.3,4,Pass
4.7,84,59,8,4.5,4,Fail
5.0,93,85,4,4.5,6,Fail
9.9,44,50,3,5.8,2,Pass
6.9,41,95,8,7.5,2,Pass
8.2,97,82,9,8.0,4,Pass
9.1,71,40,5,7.0,8,Fail
8.0,70,76,0,4.7,1,Fail
2.3,68,45,5,7.7,4,Fail
5.8,66,49,9,5.8,7,Pass
1.5,82,42,10,4.1,7,Fail
6.7,75,73,4,5.4,4,Fail
9.6,49,43,1,5.7,0,Fail
5.4,78,70,6,5.4,0,Fail
4.6,80,66,9,8.1,5,Fail
0.8,46,78,10,7.8,8,Fail
9.6,62,95,0,7.5,0,Fail
1.5,88,25,3,4.7,9,Fail
0.9,77,95,5,8.0,7,Fail
2.8,48,32,1,7.4,0,Fail
1.1,42,62,9,5.0,3,Fail
4.8,75,49,1,7.2,2,Fail
5.4,68,70,7,6.4,10,Fail
3.5,98,76,10,6.2,6,Fail
1.0,71,86,7,4.6,3,Fail
1.6,96,53,8,6.6,3,Fail
4.2,53,91,2,4.5,6,Fail
1.1,67,47,9,4.8,0,Fail
7.1,48,39,4,4.7,2,Fail
2.5,75,51,0,8.8,1,Fail
3.4,51,62,4,5.4,6,Fail
4.2,70,72,3,5.8,7,Fail
4.5,60,84,5,5.6,5,Fail
0.5,51,40,2,8.5,1,Fail
1.6,45,46,5,6.8,4,Fail
8.7,71,91,4,8.6,9,Pass
0.5,97,56,3,5.5,2,Fail
5.3,52,42,7,4.6,1,Fail
5.2,64,94,3,6.8,1,Fail
3.7,53,56,8,5.7,8,Fail
4.6,89,94,2,8.0,1,Fail
7.9,65,90,9,8.4,6,Pass
8.5,99,89,4,6.4,10,Pass
3.0,54,66,0,8.9,7,Fail
3.6,44,81,1,6.8,4,Fail
2.8,75,93,8,5.4,2,Fail
5.1,79,44,9,6.4,0,Fail
7.0,100,27,2,4.2,1,Fail
2.7,93,47,6,8.0,10,Fail
3.6,93,70,6,4.5,1,Pass
9.3,78,63,1,5.5,0,Fail
1.0,61,30,4,6.8,8,Fail
4.9,66,64,7,4.2,4,Fail
7.3,48,37,10,4.4,3,Fail
1.9,66,60,9,7.5,7,Fail
1.0,62,65,1,4.4,5,Fail
1.8,42,70,2,6.4,10,Fail
9.2,52,54,4,5.7,5,Fail
0.6,72,53,1,5.1,7,Fail
2.3,62,73,6,4.9,9,Fail
0.8,100,78,0,7.8,5,Fail
1.6,69,82,1,8.8,3,Fail
6.4,98,48,0,4.7,10,Fail
2.8,80,55,3,8.8,2,Fail
5.9,42,48,8,7.0,0,Fail
6.1,52,62,1,7.2,6,Fail
8.6,83,34,10,7.5,10,Pass
0.5,73,55,2,7.5,0,Fail
8.6,58,38,0,8.1,9,Fail
6.4,71,62,3,6.4,9,Fail
2.0,95,85,8,6.7,10,Fail
7.8,63,94,1,5.6,4,Fail
8.6,42,56,0,4.5,2,Fail
2.9,58,28,9,7.3,5,Fail
9.2,97,41,6,4.2,1,Fail
4.8,86,32,3,5.4,9,Fail
6.2,91,78,8,4.5,7,Pass
9.9,95,94,9,5.0,5,Pass
3.9,47,64,3,7.2,5,Fail
8.2,57,37,6,7.1,7,Fail
3.5,43,26,0,6.1,5,Fail
8.1,40,94,3,4.5,9,Pass
6.2,90,47,6,6.2,10,Fail
2.6,97,32,2,5.8,10,Fail
4.4,49,37,10,7.6,6,Fail
3.5,84,43,10,6.9,8,Fail
1.2,72,71,2,6.5,3,Fail
0.8,44,88,4,6.4,0,Fail
3.8,95,44,2,8.8,4,Fail
0.7,93,73,5,7.8,9,Fail
2.1,74,29,1,6.5,1,Fail
7.4,83,25,4,6.4,6,Fail
7.2,64,28,6,4.1,2,Fail
7.5,88,90,6,8.7,4,Pass
3.5,67,66,6,5.6,1,Fail
9.0,100,82,2,5.3,8,Pass
6.1,43,26,8,9.0,8,Fail
1.7,50,26,7,7.6,8,Fail
1.9,99,85,8,4.2,7,Fail
7.1,57,32,5,4.3,2,Fail
2.1,58,36,9,4.1,5,Fail
5.3,88,61,4,7.0,1,Fail
9.9,51,68,8,4.4,4,Fail
0.5,71,41,2,8.7,5,Fail
0.7,57,56,2,8.7,7,Fail
9.9,52,72,5,6.7,1,Fail
6.1,98,56,6,7.1,8,Fail
1.7,52,52,8,5.5,5,Fail
9.0,45,30,3,4.3,9,Fail
8.9,81,57,9,7.7,5,Pass
5.6,92,81,3,4.5,6,Pass
6.4,47,69,5,4.4,7,Fail
3.1,83,88,10,5.6,9,Fail
1.0,72,33,5,4.1,1,Fail
6.1,90,25,7,6.2,5,Fail
3.3,47,63,9,7.5,0,Fail
6.8,99,37,10,8.0,5,Fail
8.4,77,67,5,7.0,8,Pass
0.7,91,89,4,8.2,9,Fail
6.2,62,48,2,6.0,3,Fail
2.7,97,64,5,8.2,4,Fail
8.8,78,73,10,6.5,6,Pass
2.9,47,35,5,5.1,4,Fail
6.3,96,88,3,8.7,1,Pass
5.8,88,39,1,5.4,3,Fail
4.3,58,82,4,4.1,4,Fail
6.9,73,71,2,5.2,5,Fail
7.4,63,35,10,5.8,10,Fail
5.9,73,76,5,5.8,5,Fail
7.7,98,38,1,6.6,4,Fail
9.8,94,67,0,8.4,7,Pass
4.5,53,93,9,5.5,8,Pass
5.4,99,92,10,6.6,4,Pass
0.6,66,86,8,5.7,5,Fail
8.1,82,60,1,8.1,2,Fail
5.4,86,64,1,4.8,9,Fail
4.4,69,46,2,4.5,9,Fail
1.4,67,90,8,6.5,1,Fail
9.0,67,58,8,7.4,3,Fail
4.3,92,79,9,8.0,2,Pass
7.0,63,50,1,6.9,10,Fail
1.9,57,77,1,7.9,0,Fail
9.6,62,40,9,6.0,2,Fail
2.2,51,77,10,4.2,3,Fail
2.4,63,28,7,4.6,6,Fail
8.7,46,32,1,4.2,2,Fail
9.2,45,50,0,5.6,5,Pass
2.5,84,59,0,6.5,8,Fail
5.0,44,75,7,5.8,9,Pass
7.5,74,50,9,6.8,1,Fail
8.8,87,26,6,6.4,1,Fail
4.1,84,48,2,7.4,1,Fail
5.4,67,56,8,7.3,10,Pass
7.5,51,63,0,5.6,7,Fail
7.4,96,70,9,5.7,5,Pass
7.9,90,42,9,6.9,8,Pass
5.9,77,68,7,7.0,6,Fail
1.5,45,69,9,5.6,2,Fail
9.1,42,80,6,5.7,5,Pass
8.7,59,62,5,7.5,7,Fail
8.1,49,82,3,7.2,0,Fail
1.4,92,40,10,4.7,6,Fail
2.4,52,75,7,6.2,5,Fail
7.6,57,28,2,8.5,0,Fail
0.7,99,32,10,4.2,2,Fail
9.8,89,86,0,8.3,4,Pass
4.1,53,58,6,4.8,3,Fail
7.3,63,69,2,6.5,3,Fail
8.9,71,67,7,6.1,7,Pass
4.2,80,74,4,4.1,4,Fail
3.5,97,42,4,8.6,5,Fail
6.3,93,37,7,6.3,8,Fail
6.0,99,28,8,8.8,1,Fail
4.4,42,86,4,5.4,3,Fail
6.2,54,40,10,8.3,0,Fail
9.4,74,65,5,8.6,10,Fail
4.9,42,57,1,6.8,2,Fail
2.4,61,36,0,5.0,9,Fail
4.1,49,54,2,7.4,2,Fail
4.2,96,30,7,6.7,3,Fail
1.7,43,37,5,8.7,6,Fail
2.0,49,34,3,6.2,9,Fail
7.0,51,83,5,5.3,1,Fail
3.7,49,65,9,4.7,2,Fail
9.6,74,90,6,7.5,9,Pass
2.8,62,55,0,8.9,3,Fail
1.4,95,39,0,4.1,2,Fail
7.7,55,68,5,7.7,8,Fail
8.9,72,90,4,8.6,1,Pass
3.1,80,62,9,4.4,9,Fail
2.4,78,26,6,4.6,9,Fail
2.3,88,46,8,7.5,9,Fail
5.5,52,90,6,7.2,3,Fail
4.9,70,61,3,4.3,1,Fail
3.0,88,92,7,8.2,4,Fail
0.9,92,61,6,6.6,3,Fail
5.1,77,25,7,8.5,10,Fail
9.6,79,86,2,8.4,6,Pass
6.7,92,79,7,8.1,10,Pass
5.2,78,75,3,6.6,8,Fail
1.6,97,93,8,5.3,7,Fail
2.9,47,38,8,6.5,1,Fail
3.3,61,89,6,4.5,0,Fail
7.8,46,41,10,7.3,0,Fail
8.8,45,93,5,4.7,6,Fail
9.1,68,38,0,6.6,2,Fail
9.9,53,64,6,4.3,10,Fail
9.8,64,81,8,5.5,1,Pass
9.6,66,30,1,5.2,10,Fail
1.2,77,29,1,7.1,7,Fail
1.8,97,85,3,7.9,1,Fail
3.4,91,29,9,4.3,0,Fail
5.8,63,68,5,8.3,4,Fail
1.4,59,91,10,8.3,3,Fail
8.5,87,68,9,5.7,3,Fail
6.4,47,59,6,7.3,5,Fail
5.7,72,54,7,6.0,1,Fail
2.1,65,70,3,4.8,1,Fail
2.9,51,65,0,6.6,7,Fail
2.0,77,60,4,4.4,10,Fail
8.6,59,35,6,8.4,3,Fail
6.1,51,72,2,8.6,10,Fail
7.5,79,77,2,8.1,3,Fail
3.3,50,75,0,6.8,3,Fail
4.0,81,30,8,6.8,0,Fail
4.3,49,74,9,8.9,4,Fail
7.7,66,76,9,5.2,5,Fail
7.8,89,38,4,4.4,7,Fail
2.5,53,85,6,6.8,1,Fail
9.4,86,62,10,5.6,2,Pass
1.6,84,58,6,5.6,4,Fail
9.0,95,76,3,4.0,0,Pass
1.5,50,61,3,7.0,1,Fail
3.0,83,63,7,5.3,6,Fail
8.5,97,47,4,4.9,10,Pass
2.2,86,90,9,4.2,6,Fail
4.4,51,93,9,5.8,1,Fail
4.8,90,34,0,8.4,10,Fail
2.8,46,77,7,5.7,5,Fail
7.2,75,26,4,7.4,7,Fail
8.6,70,51,5,7.8,2,Fail
8.8,72,93,2,5.6,6,Fail
3.7,71,37,4,8.1,0,Fail
5.5,41,51,3,7.5,6,Fail
2.9,70,40,0,6.8,2,Fail
2.8,97,76,8,4.0,10,Fail
2.0,66,57,1,4.2,0,Fail
9.4,56,67,4,9.0,7,Pass
8.9,100,91,2,7.9,1,Pass
7.9,46,61,1,8.7,7,Fail
5.4,69,77,4,8.5,5,Fail
5.2,71,31,10,4.1,10,Fail
5.5,69,40,10,8.0,7,Fail
5.6,96,92,4,6.3,4,Pass
4.6,65,86,5,7.9,0,Fail
1.8,99,71,10,4.0,6,Fail
1.7,44,51,2,5.4,4,Fail
9.5,84,39,10,7.8,0,Fail
5.1,76,85,1,8.0,6,Fail
9.6,54,80,2,7.1,2,Fail
2.1,53,42,3,5.5,2,Fail
5.8,83,66,0,5.6,0,Fail
2.5,78,68,8,8.8,4,Fail
2.9,77,58,9,6.2,2,Fail
0.8,43,90,4,6.2,0,Fail
1.6,76,33,9,6.8,4,Fail
9.2,99,43,8,6.0,2,Pass
3.6,41,31,8,6.8,1,Fail
6.3,68,74,8,6.2,5,Fail
4.9,70,70,6,8.1,0,Fail
4.3,94,95,1,8.5,10,Fail
5.6,57,63,10,8.7,5,Fail
2.3,69,35,6,6.8,10,Fail
9.9,83,57,9,6.2,9,Pass
8.3,43,31,10,7.5,10,Fail
7.5,88,72,2,8.2,5,Pass
5.0,90,72,4,6.8,4,Fail
2.0,83,85,2,7.5,7,Fail
9.2,79,49,0,7.7,0,Fail
3.7,85,47,10,7.4,9,Fail
1.0,87,30,10,7.7,3,Fail
3.8,95,54,10,5.0,0,Fail
8.0,66,58,9,6.5,2,Pass
6.4,67,78,7,6.9,2,Fail
7.6,78,78,5,4.0,0,Fail
8.0,51,34,10,8.3,7,Fail
2.5,92,45,6,7.1,1,Fail
9.3,87,61,7,4.6,9,Pass
4.7,78,48,2,8.1,4,Fail
6.6,58,26,8,7.6,7,Fail
0.5,61,85,9,7.8,3,Fail
9.9,66,76,7,6.0,1,Pass
3.2,80,61,5,8.3,1,Fail
